{
	"format_version": "1.8.0",
	"animations": {
		"walk": {
			"loop": true,
			"animation_length": 2.52,
			"bones": {
				"Head": {
					"rotation": {
						"0.0": {
							"vector": [0, 0, -27.5]
						},
						"0.24": {
							"vector": [0, 0, -27.5]
						},
						"0.6": {
							"vector": [-37.5, 0, 20]
						},
						"0.8": {
							"vector": [-37.5, 0, 20]
						},
						"1.04": {
							"vector": [0, 0, -27.5]
						},
						"1.2": {
							"vector": [0, 0, -27.5]
						},
						"1.56": {
							"vector": [-95, 0, -27.5]
						},
						"1.72": {
							"vector": [-95, 0, -27.5]
						},
						"2.08": {
							"vector": [-5, 0, -27.5]
						},
						"2.2": {
							"vector": [-5, 0, -27.5]
						},
						"2.52": {
							"vector": [0, 0, -27.5]
						}
					}
				},
				"RightArm": {
					"rotation": {
						"0.0": {
							"vector": [-49.89168, 18.17277, -19.24224]
						},
						"0.24": {
							"vector": [-49.89168, 18.17277, -19.24224]
						},
						"0.6": {
							"vector": [59.23888, 12.11518, -12.82816]
						},
						"0.8": {
							"vector": [59.23888, 12.11518, -12.82816]
						},
						"1.04": {
							"vector": [-49.89168, 18.17277, -19.24224]
						},
						"1.2": {
							"vector": [-49.89168, 18.17277, -19.24224]
						},
						"1.56": {
							"vector": [-1071.7161, 3.05676, 9.16923]
						},
						"1.72": {
							"vector": [-459.89168, 18.17277, -19.24224]
						},
						"2.08": {
							"vector": [-372.39168, 18.17277, -19.24224]
						},
						"2.2": {
							"vector": [-372.39168, 18.17277, -19.24224]
						},
						"2.52": {
							"vector": [-49.89168, 18.17277, -19.24224]
						}
					}
				},
				"LeftArm": {
					"rotation": {
						"0.0": {
							"vector": [79.58695, 1.21737, -37.48314]
						},
						"0.24": {
							"vector": [79.58695, 1.21737, -37.48314]
						},
						"0.6": {
							"vector": [-6.93599, -36.1727, -40.56408]
						},
						"0.8": {
							"vector": [-6.93599, -36.1727, -40.56408]
						},
						"1.04": {
							"vector": [79.58695, 1.21737, -37.48314]
						},
						"1.2": {
							"vector": [79.58695, 1.21737, -37.48314]
						},
						"1.56": {
							"vector": [-4.10361, 28.56241, 14.96746]
						},
						"1.72": {
							"vector": [-4.10361, 28.56241, 14.96746]
						},
						"2.08": {
							"vector": [-4.7858, -16.08613, 9.16481]
						},
						"2.2": {
							"vector": [-4.7858, -16.08613, 9.16481]
						},
						"2.52": {
							"vector": [79.58695, 1.21737, -37.48314]
						}
					}
				},
				"RightLeg": {
					"rotation": {
						"0.0": {
							"vector": [37.27621, -9.73241, 25.28723]
						},
						"0.24": {
							"vector": [37.27621, -9.73241, 25.28723]
						},
						"0.6": {
							"vector": [-47.72379, -9.73241, 25.28723]
						},
						"0.8": {
							"vector": [-47.72379, -9.73241, 25.28723]
						},
						"1.04": {
							"vector": [37.27621, -9.73241, 25.28723]
						},
						"1.2": {
							"vector": [37.27621, -9.73241, 25.28723]
						},
						"1.56": {
							"vector": [-44.63262, -18.41047, 12.658]
						},
						"1.72": {
							"vector": [-44.63262, -18.41047, 12.658]
						},
						"2.08": {
							"vector": [17.86738, -18.41047, 12.658]
						},
						"2.2": {
							"vector": [17.86738, -18.41047, 12.658]
						},
						"2.52": {
							"vector": [37.27621, -9.73241, 25.28723]
						}
					}
				},
				"LeftLeg": {
					"rotation": {
						"0.0": {
							"vector": [-25, 0, 0]
						},
						"0.24": {
							"vector": [-25, 0, 0]
						},
						"0.6": {
							"vector": [72.5, 0, 0]
						},
						"0.8": {
							"vector": [72.5, 0, 0]
						},
						"1.04": {
							"vector": [-25, 0, 0]
						},
						"1.2": {
							"vector": [-25, 0, 0]
						},
						"1.56": {
							"vector": [35, 0, 0]
						},
						"1.72": {
							"vector": [35, 0, 0]
						},
						"2.08": {
							"vector": [-25.63543, -4.61353, 5.71615]
						},
						"2.2": {
							"vector": [-25.63543, -4.61353, 5.71615]
						},
						"2.52": {
							"vector": [-25, 0, 0]
						}
					}
				}
			}
		}
	},
	"geckolib_format_version": 2
}